,School name,Overall Passing (%)
3,Hernandez High School,66.3646170442287
0,Huang High School,66.71237572848817
12,Johnson High School,67.19176643562277
5,Wilson High School,67.455102934735
13,Ford High School,67.46987951807229
