,School name,Overall Passing (%)
4,Griffin High School,81.33514986376021
6,Cabrera High School,80.78579117330463
7,Bailey High School,80.08440514469454
10,Wright High School,79.72222222222223
11,Rodriguez High School,79.41985496374093
