Size Ranges,Average Maths Score,Average Reading Score,% passing maths,% passing reading,% overall passing
Small (<1000),72.24046076313896,71.62778977681785,90.80686703500001,87.557513375,79.06634792
Medium (1000-2000),71.44179770007041,70.72459516545412,89.84655959,86.714148664,78.039784882
Large (2000-5000),69.92644998120237,69.68508834888411,84.252804365,83.30118456125,70.2935065775
