Spending Ranges,Average Maths Score,Average Reading Score,% passing maths,% passing reading,% overall passing
<$585,70.93812814070351,70.37939698492463,88.8359262675,86.39051747,76.7214582375
$585-630,72.17344823824588,70.9658557870623,91.5188238675,87.2924229075,79.8762932625
$630-645,70.10404522169227,69.95363010068893,84.68613874,83.763584575,71.004976915
$645-680,68.87687809632097,69.06415983107286,81.56847047999999,81.76971558333334,66.75625307
