type,Average Maths Score,Average Reading Score,% passing maths,% passing reading,% overall passing
Government,69.99039887307237,69.75348457888494,84.46237525285714,83.58756240714285,70.69899281285714
Independent,71.10759389863867,70.48154830244383,89.20404252125,86.24778871375,76.9733403975
